[
  {
    "id": "049f2452-bb05-4f68-9022-ad5996dea744",
    "data": [
      {
        "text": "정답 ",
        "userDefined": false
      },
      {
        "text": "확신",
        "alias": "answer",
        "meta": "@sys.any",
        "userDefined": true
      }
    ],
    "isTemplate": false,
    "count": 0
  },
  {
    "id": "93051fcb-a8bd-47a9-8879-3428a1c8d4ef",
    "data": [
      {
        "text": "답은 ",
        "userDefined": false
      },
      {
        "text": "확신",
        "alias": "answer",
        "meta": "@sys.any",
        "userDefined": true
      }
    ],
    "isTemplate": false,
    "count": 0
  }
]