[
  {
    "id": "f45fdae4-8e37-460d-8081-5e62f66e5950",
    "data": [
      {
        "text": "다음 페이지",
        "userDefined": false
      }
    ],
    "isTemplate": false,
    "count": 1,
    "updated": 1497445138
  },
  {
    "id": "bc730ee4-2e0e-4c01-85ba-4231db7b0125",
    "data": [
      {
        "text": "다음 결과",
        "userDefined": false
      }
    ],
    "isTemplate": false,
    "count": 1,
    "updated": 1497445138
  },
  {
    "id": "530c9550-73b0-4947-b583-e8021164f183",
    "data": [
      {
        "text": "다음 페이지로 이동",
        "userDefined": false
      }
    ],
    "isTemplate": false,
    "count": 0,
    "updated": 1497445138
  },
  {
    "id": "ada1f858-be86-4a7f-a6a5-ab3d5876ed7c",
    "data": [
      {
        "text": "다음",
        "userDefined": false
      }
    ],
    "isTemplate": false,
    "count": 0,
    "updated": 1497445138
  },
  {
    "id": "31e5af96-2d29-4942-9459-2e87b15bb46c",
    "data": [
      {
        "text": "다음을 보여줘",
        "userDefined": false
      }
    ],
    "isTemplate": false,
    "count": 1,
    "updated": 1497445138
  },
  {
    "id": "3a0584f8-eba6-4152-8049-edb006bc9046",
    "data": [
      {
        "text": "다음 페이지를 보여줘",
        "userDefined": false
      }
    ],
    "isTemplate": false,
    "count": 0,
    "updated": 1497445138
  },
  {
    "id": "71dcba8d-21b5-4a65-aeee-2252b826cf85",
    "data": [
      {
        "text": "앞으로",
        "userDefined": false
      }
    ],
    "isTemplate": false,
    "count": 0,
    "updated": 1497445138
  },
  {
    "id": "1f52c179-e983-4094-baa7-297880720c81",
    "data": [
      {
        "text": "다음 결과를 보여줘",
        "userDefined": false
      }
    ],
    "isTemplate": false,
    "count": 0,
    "updated": 1497445138
  },
  {
    "id": "6f6b411c-04d6-4ab8-b7ab-912fa7e4b7bf",
    "data": [
      {
        "text": "다음 결과를 읽어줘",
        "userDefined": false
      }
    ],
    "isTemplate": false,
    "count": 0,
    "updated": 1497445138
  },
  {
    "id": "73ebb7c6-a285-4059-9e7e-aac231a6909d",
    "data": [
      {
        "text": "다음으로 이동",
        "userDefined": false
      }
    ],
    "isTemplate": false,
    "count": 0,
    "updated": 1497445138
  }
]