[
  {
    "id": "592d8124-8ada-4372-b4ae-a29945f29a74",
    "data": [
      {
        "text": "show me the next page",
        "userDefined": false
      }
    ],
    "isTemplate": false,
    "count": 0,
    "updated": 1525685217
  },
  {
    "id": "9d05715e-1cb4-40fc-8380-a6982b3e322c",
    "data": [
      {
        "text": "switch to the next",
        "userDefined": false
      }
    ],
    "isTemplate": false,
    "count": 0,
    "updated": 1525685217
  },
  {
    "id": "2b2b338d-2a9f-4c9b-a9f2-6aace6582132",
    "data": [
      {
        "text": "next page",
        "userDefined": false
      }
    ],
    "isTemplate": false,
    "count": 0,
    "updated": 1525685217
  },
  {
    "id": "b5502c59-8a9f-4881-b0e8-987d689c7901",
    "data": [
      {
        "text": "go to the next page",
        "userDefined": false
      }
    ],
    "isTemplate": false,
    "count": 0,
    "updated": 1525685217
  },
  {
    "id": "1062f6b6-2e5b-426a-93a4-e9c41b8954b4",
    "data": [
      {
        "text": "next",
        "userDefined": false
      }
    ],
    "isTemplate": false,
    "count": 0,
    "updated": 1525685217
  },
  {
    "id": "02f89daf-fc58-41ed-bdac-31d132f4d320",
    "data": [
      {
        "text": "following result",
        "userDefined": false
      }
    ],
    "isTemplate": false,
    "count": 0,
    "updated": 1525685217
  },
  {
    "id": "679bf1e6-2b91-41d5-b1ff-143c2b6fc191",
    "data": [
      {
        "text": "go forward",
        "userDefined": false
      }
    ],
    "isTemplate": false,
    "count": 0,
    "updated": 1525685217
  },
  {
    "id": "258b2e83-ebcc-4c3b-94a4-080b561bb834",
    "data": [
      {
        "text": "show me next",
        "userDefined": false
      }
    ],
    "isTemplate": false,
    "count": 0,
    "updated": 1525685217
  },
  {
    "id": "0796d288-6d66-4928-b4db-f30335cac27d",
    "data": [
      {
        "text": "read the next results",
        "userDefined": false
      }
    ],
    "isTemplate": false,
    "count": 0,
    "updated": 1525685217
  },
  {
    "id": "d165d4e7-83a2-446c-8605-28e7eab50628",
    "data": [
      {
        "text": "show me the following results",
        "userDefined": false
      }
    ],
    "isTemplate": false,
    "count": 0,
    "updated": 1525685217
  }
]