[
  {
    "id": "3b87f397-7e76-4960-bc8b-9e2bdc533f12",
    "data": [
      {
        "text": "영어",
        "alias": "language",
        "meta": "@sys.language",
        "userDefined": false
      },
      {
        "text": " 테스트 종료",
        "userDefined": false
      }
    ],
    "isTemplate": false,
    "count": 0
  },
  {
    "id": "83480431-9a39-4c10-b859-a196dc49db09",
    "data": [
      {
        "text": "영어 테스트 그만",
        "userDefined": false
      }
    ],
    "isTemplate": false,
    "count": 0
  }
]