[
  {
    "id": "2d43c556-07b6-4a0c-9e39-5020b998f1f4",
    "data": [
      {
        "text": "구글 포토",
        "userDefined": false
      }
    ],
    "isTemplate": false,
    "count": 0
  },
  {
    "id": "3e52565b-c5c5-406b-aae9-f460d1a6b996",
    "data": [
      {
        "text": "구글포토",
        "userDefined": false
      }
    ],
    "isTemplate": false,
    "count": 0
  },
  {
    "id": "e008a6ce-0506-490c-b255-fd60c16be4a1",
    "data": [
      {
        "text": "구글포토 보기",
        "userDefined": false
      }
    ],
    "isTemplate": false,
    "count": 0
  },
  {
    "id": "e2f26327-9a9d-497e-9135-01791f8c46db",
    "data": [
      {
        "text": "구글포토를 보여주세요",
        "userDefined": false
      }
    ],
    "isTemplate": false,
    "count": 0
  }
]