[
  {
    "id": "5e07773e-5714-4b77-bfbd-1a63158fd793",
    "data": [
      {
        "text": "영어",
        "alias": "language",
        "meta": "@sys.language",
        "userDefined": false
      },
      {
        "text": "번역",
        "userDefined": false
      }
    ],
    "isTemplate": false,
    "count": 0
  },
  {
    "id": "2bee932b-92e4-482a-ad26-49cbe2b88810",
    "data": [
      {
        "text": "중국어",
        "alias": "language",
        "meta": "@sys.language",
        "userDefined": false
      },
      {
        "text": "로 번역",
        "userDefined": false
      }
    ],
    "isTemplate": false,
    "count": 0
  },
  {
    "id": "11fee1f7-6d5c-44f3-82de-966448e1052d",
    "data": [
      {
        "text": "일본어",
        "alias": "language",
        "meta": "@sys.language",
        "userDefined": true
      },
      {
        "text": "로 번역",
        "userDefined": false
      }
    ],
    "isTemplate": false,
    "count": 0
  },
  {
    "id": "d5efc07f-4bef-4a7c-b014-c8ca9f7fe5eb",
    "data": [
      {
        "text": "영어",
        "alias": "language",
        "meta": "@sys.language",
        "userDefined": false
      },
      {
        "text": "로 번역",
        "userDefined": false
      }
    ],
    "isTemplate": false,
    "count": 0
  }
]